"In shadows deep where whispered secrets dwell,  
A specter roams through halls of crumbling stone,  
Beneath the moon’s pale gaze, a ghostly knell,  
It beckons forth the lost, the all alone.  

The ivy coils like fingers, cold and sly,  
Embracing tombs where silence reigns supreme,  
With hollow eyes that pierce the velvet sky,  
These phantoms weave through dreams, a waking dream.  

The scent of","gpt-4o-mini","0.8","horror","sonnet","classical","2024-09-26 19:47:22"
"In shadows deep where whispered secrets dwell,  
A moonlit path winds through the ancient trees,  
Where spirits roam, their haunting tales to tell,  
And every rustle stirs a chilling breeze.  

The ivy chokes the stones of crumbled fate,  
Where lovers once entwined in sweet embrace,  
Now specters linger, bound by cruel hate,  
Their hollow eyes reflect a lost grace.  

A ghastly wail escapes the midnight air,  
The echoes of a past that will not die,  
As shadows twist and dance with ghostly flair,  
Beneath the watchful gaze of a dead sky.  

In this dark realm, the heartbeats fade away,  
For in the night, the lost forever sway.  ","gpt-4o-mini","0.8","horror","sonnet","classical","2024-09-26 20:08:23"
"In shadows deep where whispered fears abide,  
The moon, a ghostly witness to the night,  
Doth cast her pallor on the graveyard wide,  
Where restless souls take flight in spectral light.","gpt-4o-mini","undefined","undefined","undefined","undefined","2024-09-26 20:24:27"
"City lights flicker,  
Skyscrapers whisper secrets—  
Chasing dreams through dusk.","gpt-4o-mini","undefined","undefined","undefined","undefined","2024-09-26 20:26:08"
"In the hush of twilight,  
where whispers of lavender drift,  
your laughter dances like fireflies,  
painting constellations on the canvas of dusk.  

I trace the silhouette of your dreams,  
each curve a secret,  
each sigh a promise,  
woven in the tapestry of starlit breaths.  

Time unfurls like a petal,  
each moment a fragrance,  
and I find myself lost,  
in the labyrinth of your gaze,  
where echoes of eternity linger.  

The moon spills silver upon our shadows,  
a gentle witness to the language of our silence,  
as our hearts pulse in sync,  
a symphony composed of unspoken words,  
the space between us, sacred and infinite.","gpt-4o-mini","undefined","undefined","undefined","undefined","2024-09-26 20:27:21"
"In shadows deep where whispered secrets dwell,  
The moaning winds through ancient oaks do sigh,  
A tale of dread, in echoes, rise and swell,  
As midnight cloaks the moon in mournful sky.  

Beneath the veil of night, the specter glides,  
With hollow eyes that pierce the veil of dreams,  
A phantom searching for the soul that hides,  
Amongst the twisted roots and silver beams.  

The chilling touch of death's unyielding grace,  
Awakes the slumbering fears, once buried deep,  
In every corner, night’s grim fingers trace,  
And haunt the heart that dares to breathe or sleep.  

So turn your gaze from darkness’ cruel play,  
For light may falter, and the lost shall stay.  ","gpt-4o-mini","0.8","horror","sonnet","classical","2024-09-26 20:40:43"
"City lights flicker,  
Skyscrapers touch the night sky—  
Dreamers chase the dawn.","gpt-4o-mini","0.8","adventure","haiku","modern","2024-09-26 20:40:43"
"In the hush of twilight,  
where shadows weave their secrets,  
we dance upon the edges of dreams,  
our laughter a constellation of whispers,  
riding the breath of the evening breeze.

Your eyes, galaxies caught in amber,  
hold the mysteries of a thousand sunsets,  
each blink a celestial event,  
pulling me into the orbit of your soul,  
where time bends, and moments linger,  
like the taste of ripe fruit on a summer tongue.

We chase the echoes of forgotten songs,  
tracing the lines of our skin,  
mapping the terrain of desire—  
each curve, a whisper,  
each sigh, a promise,  
woven in the fabric of starlit silence.

Here, in this sacred space between heartbeats,  
the world dissolves,  
and we become the very essence of longing,  
a symphony of chaos and calm,  
where love is not just felt, but breathed,  
each inhale a tapestry of connection,  
each exhale, the soft release of all that binds us.

In the realm of what could be,  
we are the architects of our own infinity,  
building castles from the softest clouds,  
painting sunsets with our fingertips,  
and drinking the moonlight  
as if it were the sweetest elixir.

So let us wander,  
in this abstract embrace,  
where the lines blur,  
and the colors bleed—  
for in this space,  
we are infinite,  
we are","gpt-4o-mini","0.8","romantic","free-form","abstract","2024-09-26 20:40:45"
"**Whispers of the Forgotten Grove**

In shadows deep where silence sways,  
I tread the path of twilight’s haze,  
A secret glade, a whispered tale,  
Where echoes dance and phantoms wail.  

They call to me, those spectral sighs,  
From gnarled roots and ancient skies,  
Their voices weave through tangled air,  
Drawing me close, as if to share.  

“Come closer now, dear wanderer bold,  
In this realm where time unfolds,  
You seek the truth, or so you claim,  
But truth, my dear, wears many names.  

Beneath the cloak of emerald dreams,  
Lies a heart that beats and screams,  
Of love once lost, of hope betrayed,  
In shadows, our memories wade.  

The moon, she weeps for what has gone,  
For lovers lost at break of dawn,  
In every leaf, a story pressed,  
In every breeze, their longing rests.  

But heed my words, for none are free,  
In this grove, a price must be,  
To learn the secrets held so tight,  
You must embrace the endless night.  

Will you dance with shades of yore?  
Will you unveil what lies in store?  
A heart that dares to know the pain,  
Must join with shadows, dance in rain.  

So step with me, into the mist,  
Where every memory has been kissed","gpt-4o-mini","0.8","mysterious","monologue","narrative","2024-09-26 20:40:47"
"In a garden where daisies sway,  
I found joy in the light of the day.  
With a skip and a twirl,  
I danced like a girl,  
And forgot all my worries away!  ","gpt-4o-mini","0.8","happy","limerick","confessional","2024-09-26 20:40:48"
"**The Ballad of the Weeping Willow**

In a vale where shadows creep,  
Beneath the moon's pale glow,  
There stands a willow, tall and steep,  
With branches swaying low.  

Her leaves, they whisper tales of woe,  
Of love that slipped away,  
A heart once bright, now draped in snow,  
In silence, she must stay.  

Once by her roots, two lovers danced,  
Their laughter filled the air,  
With every twirl, their spirits pranced,  
Yet fate was unaware.  

The autumn winds began to howl,  
And clouds grew dark and deep,  
A storm rolled in, a thunder growl,  
And stole their dreams in sleep.  

The night was long, and shadows spun,  
As lightning lit the sky,  
The willow wept for what was done,  
As time slipped slowly by.  

When morning broke, the sun arose,  
But not a soul was near,  
The willow mourned in sorrow's prose,  
Her leaves, like tears, would sear.  

Now every sunset paints the scene,  
Of echoes lost in time,  
Of love once bright, now faint, unseen,  
In every mournful rhyme.  

So if you wander near the glade,  
Where ancient secrets flow,  
Listen close, for love's charade,  
Is whispered by the slow.  

Beneath the weeping willow's shade,","gpt-4o-mini","0.8","sad","ballad","lyrical","2024-09-26 20:40:50"
"**Ode to the Celestial Gossamer**

In twilight's veil, where whispers weave,  
A tapestry of dreams conceived,  
Oh, Celestial Gossamer, loom of night,  
Your threads of silver, spun from starlight.

From azure depths and shadowed skies,  
You cradle secrets where silence lies,  
In every shimmer, a tale untold,  
Of kingdoms lost and hearts of gold.

With wings of mist, you softly glide,  
Upon the breath of the moon's soft tide,  
Oh, ethereal waltz of the cosmic dance,  
You weave the fates in a trance-like prance.

The weeping willow bends to hear  
Your lullabies that drift so near,  
Each note a drop from heaven's well,  
A spellbound sonnet, a sacred knell.

In gardens where the phantoms bloom,  
Your echoes pierce the ancient gloom,  
The roses blush in twilight’s breath,  
As shadows sway, entwined with death.

Oh, harbinger of the unseen dawn,  
In your embrace, the past is drawn;  
The phoenix rises from ember’s kiss,  
A memory lost in the ethereal bliss.

Let not the morning’s harsh decree  
Unravel the threads you’ve spun for me,  
For in your light, I find the key  
To realms where dreams forever flee.

So, sing, sweet muse, in the dusk’s serene,  
Of gl","gpt-4o-mini","0.8","fantasy","ode","symbolist","2024-09-26 20:40:53"
"In shadows where the starlight bends and weaves,  
The whispers of forgotten worlds take flight,  
Through cosmic dreams, the heart of silence grieves.  

On planets cloaked in twilight’s gentle leaves,  
Beneath the moons, where time is lost to night,  
In shadows where the starlight bends and weaves.  

Celestial bodies, spun like silver weaves,  
Reflecting hopes in crystalline delight,  
Through cosmic dreams, the heart of silence grieves.  

A comet streaks, its tail a thread that cleaves  
The fabric of the dark, ignites the sight,  
In shadows where the starlight bends and weaves.  

The echoes of the past, like wind, retrieves  
The tales of ancient stars that burn so bright,  
Through cosmic dreams, the heart of silence grieves.  

So venture forth, where destiny believes,  
And find the spark of life in endless night,  
In shadows where the starlight bends and weaves,  
Through cosmic dreams, the heart of silence grieves.  ","gpt-4o-mini","0.8","sci-fi","villanelle","imagist","2024-09-26 20:40:55"
"In shadowed halls where whispers weave through time,  
The pharaoh’s gaze, an eye of molten gold,  
Beneath the sands, the buried echoes rhyme.  

A chariot of dreams, the sun slipped bold,  
While pyramids embraced a sky of ink,  
And lotus flowers danced in tales retold.  

Upon the Nile, great ships began to sink,  
With oars of silver, carving through the mist,  
While scarabs turned to ciphers, lost in blink.  

In Rome, the poets took to tongues of tryst,  
Where marble gods, with laughter, carved their fate,  
And time, a fleeting breeze, their thoughts dismissed.  

Cloaked in toga’s grace, they dared debate,  
As emperors donned crowns of withered vine,  
And whispered secrets of a love sedate.  

Yet, in the marketplace, where shadows twine,  
A merchant sold the dreams of ages past,  
With each exchange, the threads of fate align.  

The jester, clad in colors sharp and vast,  
Juggled histories of men and stars,  
While echoes of the future whispered fast.  

Through labyrinths of thought, the moon bears scars,  
As surreal visions paint the twilight glow,  
And every fragment sings of who we are.  

In this dance of time, the rivers flow,  
An endless spiral of the now and then,  
Where centuries converge, as dreamers know","gpt-4o-mini","0.8","historical","terza rima","surrealist","2024-09-26 20:40:57"
"In shadows deep where whispers coil and twist,  
The flicker of a lantern, heartbeats race,  
A fractured mirror, truth obscured in mist,  
Each footfall echoes fate's relentless chase,  
A haunting pulse beneath the surface, lost,  
In labyrinths of fear, the chilling cost.  

The clock strikes three—a figure draped in dread,  
Eyes glint like daggers, secrets tightly bound,  
Each breath a shiver, silence thick as lead,  
The walls close in, a siren’s mournful sound,  
The scent of blood and time begins to blur,  
A dance with madness; sanity's a blur.  

Beneath the moon, a tethered mind unspools,  
In corners where the darkness breeds and swells,  
A game of shadows, movement’s cruelest tools,  
The tale of lovers who fell into wells,  
Their laughter echoes, now just ghosts who moan,  
In every heartbeat, fear has made its throne.  

The night reveals what daylight dares not show,  
Each memory a dagger, sharp and keen,  
As truth unfurls in spirals, slow and low,  
The past a palpable, unseen machine,  
With every twist, the surface tears apart,  
And fear becomes the ink upon the heart.  

The clock unwinds; the bitter hour draws near,  
The lantern flickers, casting doubts anew,  
A breath held tight, anticipation near,","gpt-4o-mini","0.8","thriller","sestina","expressionist","2024-09-26 20:40:59"
"**Elegy for the Lost**

In silence cloaked, the shadows weave,  
A tapestry of dreams bereaved,  
Upon the hill where daisies sigh,  
I stand alone, beneath the sky.  

Oh, wretched heart, dost thou not know,  
The weight of time, the ebb and flow?  
Each whispered breeze, a ghostly call,  
To memory’s realm, where echoes fall.  

Thy laughter once, a sunlit stream,  
Now trickles faint, a fading dream,  
Where once we danced through fields of gold,  
Now silence reigns, the night grows cold.  

The stars above, they mourn your grace,  
Each twinkling light, a lost embrace;  
For every dawn that breaks anew,  
I search the skies, but find not you.  

Beneath the willow, shadows creep,  
In mourning’s grasp, my sorrows steep,  
What earthly balm can soothe this pain,  
Or bring thee back through time’s disdain?  

Yet in the heart, thy spirit stirs,  
In whispered thoughts, in gentle murmurs,  
Though death may claim what life bestowed,  
Love’s ember glows on sorrow’s road.  

So let the winds of memory blow,  
Through every tear, through every woe,  
For in the depths of grief’s embrace,  
I’ll find thy light, thy timeless grace.  

And when the stars align once more,  
In realms","gpt-4o-mini","0.8","drama","elegy","formal","2024-09-26 20:41:01"
"Two hearts entwined, now shadows apart,  
A whisper of love lost, a silence that starts.","gpt-4o-mini","0.8","tragedy","couplet","minimalist","2024-09-26 20:41:04"
"In the twilight of forgotten whispers, shadows dance,  
Where silver-laden rivers weave through dream's expanse,  
Echoes of ancients, serpents coil in time’s embrace,  
Stars bleed their stories, a celestial lace.  ","gpt-4o-mini","0.8","mythological","quatrain","stream-of-consciousness","2024-09-26 20:41:05"
"**Epitaph of the Wandering Spirit**

Beneath the boughs where shadows creep,  
Rest the dreams that dare not sleep,  
A wanderer’s heart, wild and free,  
Once danced with the twilight,  
Now whispers to the leaves,  
A ghost of the stories that used to be.

In the echo of footsteps on gravel roads,  
And the moon's silver gaze on forgotten abodes,  
Where laughter and sorrow weave tight like a thread,  
Here lies the soul who sought more than bread,  
A poet, a lover, a seeker of light,  
With ink-stained fingers, they captured the night.

With every beat, a heartbeat of earth,  
The pulse of the cosmos, the rhythm of birth,  
They sang with the rivers, they howled with the wind,  
Each stanza a promise, each verse a rescind,  
But time is a thief, with a cloak of regret,  
And now, in this silence, we linger and fret.

So raise up a glass to the stars in the sky,  
To the laughter that echoed, the tears that ran dry,  
For here lies a spirit who roamed without bounds,  
In the creak of the tree trunks, their essence surrounds,  
A tale etched in twilight, a song on the breeze,  
Eternally wandering, forever at ease.","gpt-4o-mini","0.8","folklore","epitaph","beat","2024-09-26 20:41:08"
"In shadows deep where moonlight fears to tread,  
Beneath the whispering boughs of ancient trees,  
A lonely path where silent footsteps lead,  
And midnight's breath bears chilling prophecies.  

The air is thick with whispers of the dead,  
Their ghostly fingers trace the shivering air,  
While phantoms dance where long-lost souls have bled,  
And eerie echoes linger in despair.  

The ravens croak a song of dire intent,  
Their eyes like coals that pierce the starlit gloom;  
Each fallen leaf a tale of lives misspent,  
As deathly winds foretell the coming doom.  

In this bleak night, where shadows darkly weave,  
The heart's last hope, like moonlight, takes its leave.","gpt-4o","0.8","horror","sonnet","classical","2024-09-26 20:53:03"
"City lights in rain,  
neon dreams guide restless feet—  
urban quest begins.","gpt-4o","0.8","adventure","haiku","modern","2024-09-26 20:53:03"
"The moon casts its silver glow
on the silent streets of my mind
where shadows writhe and twist
in agony of forgotten time

The wind whispers secrets in my ear
of love and loss and bitter fate
it stirs the ashes of a dying fire
and fan the embers of a love that waits

I stand alone on this dark shore
where the waves of memory crash and roar
I search the horizon for a glimpse
of a love that's lost and long since passed

The stars above are distant and cold
their light a distant and fading gleam
I am but a fleeting thought
a moment's pause in the great scheme","meta-llama-3-8b-instruct","0.8","drama","blank verse","free verse","2024-09-26 21:53:16"
"Echoes of banality resound
From couches where souls are lost in air
The hum of the refrigerator's wound
A constant reminder of life's despair
_hpp replicas of human form_ confined
In weathered armchairs, they wither away

_en masse_, the remote control's sweet grind
As hours and years are frittered astray
_bw_images of families, once so fine grain_
Now fade to black, as batteries decay
In this realm of numbness, what's gained
Is the art of mindless staring at pay

In this desolate landscape, so serene
The only triumph is the art of blank

As thiszaal continues, another thought
Creeps into mind, a hollowed-out delight
The tenderness that once was gained
Now rusts in silence, like a reputation's plight
For each besotten in their reverie stays
Lost in the haze of another pay

mayın, the echoes still resound.
Hollow whispers in a dwindling town.","meta-llama-3-8b-instruct","1.0","satire","ghazal","imagist","2024-09-26 22:05:54"
"The world had ended in a blaze of glory
A fire that danced and sang and told a story
Of a people who had forgotten how to live
And a planet that had lost its will to give

The skyscrapers stood like skeletal hands
Reaching for the sky but grasping at the sands
The streets were filled with trash and the stench of decay
And the only sound was the wind that whispered ""Stay away""

I walked through the ruins of a city once grand
A metropolis that had been reduced to sand
I saw the remnants of a life that had been lost
And the ghosts of the people who had been the cost

I stumbled upon a supermarket still standing tall
The shelves were bare and the aisles were long and hall
I saw the remnants of a consumerist dream
A world that had been built on a lie and a scheme

I wandered through the aisles and saw the signs
""Buy one get one free"" and ""Limited time only"" and ""New and improved""
I saw the faces of the people who had bought these lies
And the emptiness that had filled their eyes

I saw a TV still playing in the corner of the store
A endless loop of commercials and advertisements galore
I saw the faces of the people who had been sold
On a life of consumption and a death of soul

I saw a child's toy still sitting on the floor
A plastic dinosaur with a smile forevermore
I saw the remnants of a childhood that had been stolen
And the dreams that had been shattered and broken

I saw a world that had been destroyed from within
A world that had been built on a foundation of sin
I saw the remnants of a society that had been lost
And the ghosts of the people who had been the cost

I walked through the ruins of a city once grand
A metropolis that had been reduced to sand
I saw the remnants of a life that had been lost
And the ghosts of the people who had been the cost

The world had ended in a blaze of glory
But the only thing that remained was the story.","meta-llama-3-8b-instruct","0.7","post-apocalyptic","narrative poem","absurdist","2024-09-26 22:06:01"
"The wind whispers secrets through the ruins
Of what once was green and full of life
A cemetery of steel and stone and rust
Where flowers bloom in faintly burning light

The wind whispers secrets through the ruins
Of factories that once belched smoke and fire
A distant hum of engines, empty streets
Where shadows dance with flickering desire

A cemetery of steel and stone and rust
Where rusting cars rot, wire mesh entwines
The skeletal remains of buildings stand
A tomb for dreams that once had wings and signs

Of what once was green and full of life
The wind whisks up the dust and sand and smoke
The earth is barren, cracked and worn
Where seeds are sown, but never take root, broke

The wind whispers secrets through the ruins
Of what remains, a fragile, flickering flame
A candle's light that trembles, soft and blue
A glimmer of hope in a world in shame","meta-llama-3-8b-instruct","0.8","dystopian","pantoum","pastoral","2024-09-26 22:06:03"
"Midnight shadows creep
Through crumbling spires of thought
Echoes of forgotten
Dreams that wither in the cold
Darkness claims the heart anew","meta-llama-3-8b-instruct","0.7","gothic","cinquain","modern","2024-09-26 22:06:05"
"In twilight's hush where shadows play
Amidst the trees a figure strays
By moon's pale light her path is made
The wind whispers secrets in her ear
As misty veils the forest grey
The night's sweet perfume is sweetly said

Her heart beats fast with lonely flight
The trees' whispering voice is her guide
By mossy paths she wanders bright
Where fireflies their conjecture hide
Amidst the trees a figure strays
The wind whispers secrets in her ear

The moon's pale light her path is made
The night's sweet perfume is sweetly said
As misty veils the forest grey
Where fireflies their conjecture hide
By moon's pale light her path is made
In twilight's hush where shadows play

The wind whispers secrets in her ear
As misty veils the forest grey
By moon's pale light her path is made
The trees' whispering voice is her guide
Amidst the trees a figure strays
By mossy paths she wanders bright

The night's sweet perfume is sweetly said
As misty veils the forest grey
Amidst the trees a figure strays
The trees' whispering voice is her guide
By moon's pale light her path is made
In twilight's hush where shadows play

By mossy paths she wanders bright
The wind whispers secrets in her ear
As misty veils the forest grey
The trees' whispering voice is her guide
The night's sweet perfume is sweetly said
Amidst the trees a figure strays","meta-llama-3-8b-instruct","1.0","fantasy","sestina","romanticist","2024-09-26 22:06:09"
"In ashen light, I write to thee
From ruins of a world laid bare
The wind it howls, a mournful sigh
As I recall the life we'd share

The wind it howls, a mournful sigh
Through crumbling streets, I wander wide
In search of hope, a glimmer bright
But all I find is endless night

Through crumbling streets, I wander wide
Where once, the city's heartbeat pride
Now lies in silence, cold and grey
A monument to life's decay

In search of hope, a glimmer bright
I find instead the dark of night
The stars above, a distant hum
A reminder of a world undone

Now lies in silence, cold and grey
The memories that would not stay
Of laughter, love, and life's sweet breast
Echoes of a world that found its rest

The dark of night, a distant hum
I'll hold on to the love I've come
To cherish every fleeting thought
And in my heart, a spark is brought

Echoes of a world that found its rest
I'll carry on, and do my best
To rise above this desolate land
And in my heart, a spark is brought

I'll carry on, and do my best
To find a way to find some rest
In ashen light, I write to thee
And pray that one day, all will be.","meta-llama-3-8b-instruct","0.8","post-apocalyptic","pantoum","epistolary","2024-09-26 22:06:14"
"In factories of hissing steam and smoke
Where gears and pistons beat like a heart's stroke
The clockwork world of progress doth unfold
A tale of man's ambition, young and old

Oh, hissing steam that pierces the air
And pistons that pump with a rhythmic care
The clang of metal, the hiss of steam
A symphony of industry, a dream

The clockwork heart that beats within
A metropolis of iron and of tin
The gears that turn, the cogs that grind
A world of machinery, a world left behind

The hissing steam that lashes the ground
And pistons that pump with a rhythmic sound
The clang of metal, the hiss of steam
A symphony of industry, a dream

In factories of hissing steam and smoke
Where gears and pistons beat like a heart's stroke
The clockwork world of progress doth unfold
A tale of man's ambition, young and old.","meta-llama-3-8b-instruct","0.7","steampunk","ode","realist","2024-09-26 22:06:17"
"Moonlit shadows creep and slide
Through streets that whisper secrets old
Echoes of a life left inside
A reflection of a tale to be told
Beneath the gaze of a watchful eye

The wind it howls like a mournful sigh
As darkness gathers and the night
Conceals the truth that I would buy
And in its place a different light
Lures me deeper into the lie

Moonlit shadows creep and slide
Through streets that whisper secrets old
And in their silence I reside
A prisoner of a darker hold
Where truth and lies are yet to be told","meta-llama-3-8b-instruct","0.8","thriller","rondeau","symbolist","2024-09-26 22:06:19"
"In twilight's hush, where shadows play
Amidst the cypress trees, fare thee well
To Elysium's gates, where ghosts do sway
And mystic whispers whispered secrets tell

Earthborn, I, a mortal, drew near
The threshold forth, where ancient stones did drear
The wind, a sigh, did softly whisper low
""Beware, mortal, lest thy steps doth slow""

I stepped forward, past the portal's might
Into the realm of specters, endless night
The moon, a ghostly galleon, rode the sky
As I explored the land, where mystery did lie

Through secretive woods, where wisps did dance
And ghosts of battles, forgotten, did prance
I stumbled upon, a cairn of old
Where ancient runes, in silence, did unfold

The trees, like sentinels, stood watchful and grey
As I deciphered, the tales of yesterday
Of Valhalla's warriors, fallen from the fight
And mythical creatures, that in slumber took flight

The sound of whispers, grew to a gentle hum
As I drew near, the palace of the underworld's drum
A threshold dark, where fate did not decide
But mystery dwelled, in mists, that did not subside

And I, a mortal, felt the presence near
Of gods and goddesses, ethereal and stern
They watched me, as, in riddles, I did stray
Through realms of whispers, death, and endless day

The wind, a sigh, did softly whisper low
""This is the realm, where secrets doth unfold""
And I, a mortal, felt the mystic dew
As Elysium's gates, did slowly, shut anew","meta-llama-3-8b-instruct","1.0","paranormal","epic","classical","2024-09-26 22:06:24"
"words swirling in the vortex
of a news cycle spewing forth
 broken promises and empty vows
 like rainbows in a polluted sky
 fragmented thoughts dart and weave
 like a cat chasing its own tail
 what is the point of it all anyway?
 a meaningless mantra echoing
in the void of a leader's head
 perhaps they believe it themselves
 but we should know better by now
 or should we? maybe we're all just
 sleepwalking through this manufactured
 reality thinking we're awake
 but really just pawns in a game
 of smoke and mirrors and lies
 hell we're probably just a pixel
 in a computer made illusion
 waiting for someone to come
 along and debug our existence
 but till then we're stuck in this
 digital dreamworld of narcissism
 and fake news and factoids
 and every moment is a chance
 to hit the reset button or
 maybe just mash the escape
 key and stumble back into
 the mayhem and madness of reality","meta-llama-3-8b-instruct","1.0","satire","visual poetry","stream-of-consciousness","2024-09-26 22:06:27"
"Darkness creeps into my bones
Like a cold and dripping stone
Echoes of a distant groan
Darkness creeps into my bones

Shadows dance upon the wall
A macabre and wicked call
Echoes of a distant groan
Darkness creeps into my bones

Rats scurry through the dark of night
As I succumb to their delight
Echoes of a distant groan
Darkness creeps into my bones","meta-llama-3-8b-instruct","0.8","horror","triolet","beat","2024-09-26 22:06:29"
"In cities crumbling where love once stood
Echoes of laughter now dwindle and fade
The ghosts of memories, like autumn's cloud

In streets once lit, now dark and misled
I wander, searching for a love now made
In cities crumbling where love once stood

Gone are the whispers, soft and kind
The way she'd hold my hand, a love so bled
The ghosts of memories, like autumn's cloud

In cafes quiet, once a laughter's mind
I sit alone, a lonely, hollow need
In cities crumbling where love once stood

Gone are the sunsets, red and bright
The way she'd gaze into my eyes, where seeds
The ghosts of memories, like autumn's cloud

In cities crumbling, alone I'll stay
Till the voices of love are just a shade
In cities crumbling where love once stood
The ghosts of memories, like autumn's cloud","meta-llama-3-8b-instruct","1.0","sad","villanelle","modern","2024-09-26 22:06:32"
"In twilight's hush, where ancient stones decay
The whispers of the past repeat their sway
A lonely echo, lost in endless grey

The shadows stretch, the wind begins to play
A mournful sigh, that haunts the day
In twilight's hush, where ancient stones decay

The cities rise, like phantoms of our mind
Echoes of a dream, forever left behind
A lonely echo, lost in endless grey

The wars, the loves, the losses of our kind
All swirling vortex, lost in time's unwind
In twilight's hush, where ancient stones decay

Yet in this void, a glimmering light is found
A fleeting spark, that in the darkness grounds
A lonely echo, lost in endless grey

In twilight's hush, where ancient stones decay
The whispers of the past repeat their sway
A lonely echo, lost in endless grey","meta-llama-3-8b-instruct","0.8","historical","villanelle","existentialist","2024-09-26 22:06:35"
"In copper halls where gears softly turn
Amidst the hiss of steam and burning learned
The clockwork heart of progress yearns

For love to rise like mist that's soon discerned
Amidst the hiss of steam and burning learned
In copper halls where gears softly turn

The gears that move the world's great machine
Are driven by a passion not serene
Amidst the hiss of steam and burning learned

The engineer's heart beats strong and free
As he designs the future's destiny
In copper halls where gears softly turn

And when the sun dips low in the west
He finds her waiting, beauty undressed
Amidst the hiss of steam and burning learned

In copper halls where gears softly turn
Amidst the hiss of steam and burning learned
The clockwork heart of progress yearns","meta-llama-3-8b-instruct","0.8","steampunk","villanelle","romanticist","2024-09-26 22:06:37"
"Listen close to the tale I'm about to unfold
Of monarchs fallen, of empires grown old
From Pharaoh's pyramids to the Roman's pride
Empires rise and fall, a cycle that won't subside

Verily, I speak of Alexander's stride
Through Babylon's gates, his conquests did reside
He marched from Asia, with courage in his heart
Leaving behind a trail, of kingdoms to impart

But then came Rome, with its legions bold
Conquering all, with strategies to unfold
Trajan's columns rose, ornate and high
As Caesar's glory, did the world deny

The Dark Ages dawned, with superstition's sway
Monks and popes did rule, day by endless day
But then came the Renaissance, with its radiant beam
As arts and sciences, did the truth proclaim

The Age of Exploration, with its daring quest
Mapmakers plotted, the unknown to address
From Magellan's route, to the New World's shore
The world was redefined, forevermore

And lastly, the Enlightenment did arise
With reason's light, the shackles did surprise
The Age of Reason, with its thinkers bold
As democracy's seeds, did the future to mold","meta-llama-3-8b-instruct","1.0","historical","rap","baroque","2024-09-26 22:06:41"
"In dusty towns of crumbling dreams
A cowboy rode, with hat in flaming screams
His spurs of honor clanking loud and bright
As he galloped forth, with dignity in flight

For his trusty steed was not a noble beast
But a mangy nag, with mange to feast
And his six-shooter sparse of bullets gray
Fired blanks of bravado, come what may

His heart so pure, his soul so bright
Were buried deep, in whiskey's endless night
And though he claimed to ride for right
He rode for gain, in every dirty fight

Yet still the townsfolk cheered his name
And cowpoke's code he foolishly proclaimed
For in the West, where heroes get their due
A liar's legend lived, and a coward's clue.","meta-llama-3-8b-instruct","1.0","western","epigram","satirical","2024-09-26 22:11:54"
"Midnight's dark and solemn hush
Cursed boughs creak with mournful rush
Shadows dance upon the wall
As darkness whispers secrets all
Eternal night's cold, hollow rush","meta-llama-3-8b-instruct","0.8","epic","cinquain","gothic","2024-09-26 22:11:55"
"Neon dreams dissolve in smoke
City streets awash with chrome
Neon dreams dissolve in smoke

Rain-soaked pavement whispers low
Ancient secrets to the clone
Neon dreams dissolve in smoke

City streets awash with chrome
Rain-soaked pavement whispers low
Neon dreams dissolve in smoke","meta-llama-3-8b-instruct","0.7","cyberpunk","triolet","classical","2024-09-26 22:11:56"
"Moonlit whispers weave
through the city's steel canyons
where skyscrapers stand tall
like giants guarding secrets

In alleys, shadows dance
to the rhythm of raindrops
falling like diamonds bright
on the pavement's dark skin

A lone saxophone wails
through the night's velvet veil
its melancholy sigh
echoing off brick and stone

A woman's eyes gleam bright
like stars in the urban sea
she holds a lantern's flame
and leads the lost to me

The city's pulse beats strong
a living, breathing thing
its heart a fusion of dreams
and the darkness that clings","meta-llama-3-8b-instruct","0.7","magical realism","renga","lyrical","2024-09-26 22:11:58"
"Shadows dance upon the wall
Of midnight's dark and silent hall
A whispered vow, a fatal call
Echoes death, in blood and gall","meta-llama-3-8b-instruct","1.0","crime","tetrastich","baroque","2024-09-26 22:11:59"
"Whispers in the dark
Echoes of a silent scream
Shadows dance upon the walls
The city's secrets in the night
Truth hidden in the smoke","meta-llama-3-8b-instruct","0.7","detective","cinquain","symbolist","2024-09-26 22:12:00"
"flickering shadows on the wall
echoes of a forgotten scream
a scream that still haunts the silence
like a ghostly whisper in the ear

tattered velvet curtains torn
from the windows of a forgotten soul
the wind howls through the empty halls
like a mournful requiem

the painting on the wall
a portrait of a woman with eyes
that seem to follow you
as you move through the room

the sound of footsteps creaking
up the stairs
like the beat of a funeral march
getting closer and closer

the door at the top of the stairs
creaks open slowly
like a mouth that's about to scream
but instead of a scream
a faint whisper
""welcome home""","meta-llama-3-8b-instruct","0.7","gothic","visual poetry","postmodern","2024-09-26 22:12:03"
" Fragmented thoughts descend
Crumbling, like shattered glass
Echoes of nothing","meta-llama-3-8b-instruct","0.7","sad","senryu","postmodern","2024-09-26 22:12:03"
"Moonlight drips like honeyed wine
On ancient hills where myths entwine
The whispers of the wind divine

The shadows dance with secret pain
As wolves howl out the witch's refrain
The forest murmurs, lost in rain

In twilight's hush where stars align
The forest's heart begins to shine
A mystic glow that's hard to define

The trees lean in with branches wide
As moonbeams weave a mystic tide
The wind whispers secrets with a sigh","meta-llama-3-8b-instruct","0.8","folklore","terza rima","experimental","2024-09-26 22:12:05"
"Code whispers secrets in my ear
Of distant suns and futures dear
But in this neon-lit despair
I'm lost in circuits, void of care","meta-llama-3-8b-instruct","0.7","cyberpunk","quatrain","postmodern","2024-09-26 22:12:06"
"Clockwork hearts beat slow
Gears of brass and copper sigh
Moonlit machines","meta-llama-3-8b-instruct","0.7","steampunk","haiku","avant-garde","2024-09-26 22:12:06"
"In twilight's hush where shadows play
I venture forth to seize the day
A whispered oath upon my tongue
To uncover secrets, young and strong

My heart aflame with zeal and might
I heed the call of endless night
Through shadows dark, I make my way
To realms where ancient mysteries sway

The wind whispers secrets in my ear
Of hidden passage, none declare
The paths I tread, where none have been
To secrets hidden, few have seen

My journey's end, the dawn's first light
I find the truths, my heart's plight
In whispers shared, the mysteries told
Of hidden depths, where legends unfold","meta-llama-3-8b-instruct","1.0","adventure","clerihew","confessional","2024-09-26 22:12:08"
"In twilight's hush where shadows play
A monumental tomb doth stand array
In solemn grandeur, worn by time's decay
A testament to glory's fleeting sway

Here lies the mortal, once a shining star
That burned with fervor, and a noble scar
His life a tapestry of triumph and of woe
A story woven, as the ages flow

His heart afire, with passion's sacred flame
He strode the earth, with purpose and with fame
He conquered dreams, and vanquished every fear
And left behind, a legacy so dear

His name etched deep, upon the marble's face
A reminder of his glory's vacant space
Where once his footsteps trod, and his voice did ring
Now silence reigns, and only memories cling

Yet still we mourn, the loss of his great name
And weep for dreams, that will never come to claim
The fleeting hours, that ticked away in vain
And the brief spark, that lit the candle's flame

This tomb, a monument to his immortal fame
A testament to his unyielding flame
That burned so bright, in life's brief, shining span
And left behind, a legend, forever to remain.","meta-llama-3-8b-instruct","0.7","epic","epitaph","classical","2024-09-26 22:12:12"
"In midnight's darkest, most despairing hour
The city's screams and wails did pierce the air
A symphony of sorrow, loud and power

The rain, a requiem, did gently pour
Upon the pavement, where the lost did stray
And in the gloom, a figure did allure

With eyes aglow, like lanterns bright
He led the wandering souls to endless night
And in his wake, a trail of death did light

The wind, a mournful dirge, did whisper low
Of secrets kept and mysteries untold
And in the darkness, hearts did slowly go

In this, the hour of deepest, darkest night
The city's dreams did fade, and terror took flight
And all that remained was endless, bitter light","meta-llama-3-8b-instruct","0.7","crime","terza rima","transcendental","2024-09-26 22:12:14"
"In twilight's hush where shadows play
Love's fleeting breath begins to stray
From mortal grasp, our hearts astray
In twilight's hush where shadows play

The clock strikes on, a mournful sigh
Echoes through a empty sky
We search for meaning, oh so high
From mortal grasp, our hearts astray
We grasp at time, a waning bribe

To hold on tight, a wistful cry
As darkness falls, our love will die
In twilight's hush where shadows play
We chase the wind, a desperate sigh","meta-llama-3-8b-instruct","1.0","romantic","rondeau","existentialist","2024-09-26 22:12:17"
"In scorched remains of city's silent sigh,  
The echoes of a thousand dreams decay,  
Beneath the ashen clouds that cloud the sky,  
Lost whispers of the world that slipped away.  

Concrete giants weep with rust and vine,  
Their stories carved in dust, forgotten lore,  
While shadows dance where sunlight used to shine,  
And time reclaims what time has known before.  

Yet in this wasteland, sparks of life persist,  
Through fractured stones, a fragile blossom grows,  
A testament to all that once was kissed  
By breath of life, where only stillness flows.  

In ruins lie the remnants of a song,  
A melody that proves we still belong.  ","gpt-4o","1.0","post-apocalyptic","sonnet","postmodern","2024-09-26 22:18:50"
"Gears and cogs whisper,  
Steam rises in the twilight,  
Clockwork dreams unfold,  
Past and future intertwine,  
In a dance of time's design.","gpt-4o","0.7","steampunk","tanka","postmodern","2024-09-26 22:18:50"
"Barren skies whisper  
through skeletal trees dancing,  
whispers of yesterday's dreams—  
ghosts on a cracked street.","gpt-4o","1.0","post-apocalyptic","dodoitsu","imagist","2024-09-26 22:18:51"
"In the grand parade of life, where masks wear their owners, they march, adorned in costumes of sincerity stitched from the finest fabric of deceit. Here, the politicians stand tall, clutching promises like balloons tethered to the air, their ties whispering secrets of ambition stretched like elastic over smirks. They exchange glances like currency, nodding as if sagely but merely echoing the hollow chamber of agreements unsigned. 

At the marketplace of dreams, merchants peddle solace packed in sparkling adornments, while wisdom sits, cross-legged, offering truth at half its worth, yet no one buys. Consumers shuffle past, eyes aglow with longing for the things they already own. In this bustling bazaar, desires drown reason, and laughter is bartered for silence, a quiet deal sealed with invisible ink.

Meanwhile, a poet scrawls on napkins the verses of their solitude, reciting to empty cafes where ghosts of inspiration sit sipping echoes of espresso. They call it art, but the critics raise glasses of skepticism, toasting to an artifice of achievement where the real applause is a whisper lost in the cacophony.

The marching band plays on, its notes sharp and discordant, yet they march in step—the harmony of chaos!—through streets paved with good intentions, where saints are sinners and sinners saints. Applause erupts like an afterthought, too late to save the irony from itself, and thus the parade continues, led by jesters following","gpt-4o","1.0","satire","prose poetry","formal","2024-09-26 22:18:54"
"In the peeling light of dawn's embrace,  
Shadows whisper secrets to the breeze,  
A clock's soft tick, a dance of fleeting grace,  
Life's quiet tapestry woven with ease.","gpt-4o","0.8","slice-of-life","quatrain","symbolist","2024-09-26 22:18:55"
"Here lies the echo of a love so wild,  
In moonlit whispers where two hearts smiled,  
Beneath the stars, a dance unchained,  
Where time stood still, and joy remained.  
  
In shadows cast by candle's glow,  
Their souls entwined in the night's soft flow,  
A symphony of dreams and sighs,  
In endless skies where hope never dies.  
  
Remember them in every breeze,  
In rustling leaves and singing trees,  
For they have found eternal rest,  
Two hearts as one, forever blessed.  
  
In quiet nights, their story hums,  
A melody on gentle drums,  
Love's sweet refrain, a soft caress,  
In whispered winds, they find their bliss.  ","gpt-4o","0.7","romantic","epitaph","beat","2024-09-26 22:18:56"
"In golden dust, the cowboy rides alone,  
Beneath baroque skies, a sinuous tone.","gpt-4o","1.0","western","couplet","baroque","2024-09-26 22:18:57"
"In shadows deep where whispers softly dwell,  
The clock spins tales of time's unending thread,  
A dance of dreams where echoes weave their spell,  
Upon the silent paths our footsteps tread.  

Beneath the moon's cold gaze, the questions rise,  
Of who we are and what we seek to find,  
A mirror's glance reflects the hidden skies,  
The labyrinth of thoughts within the mind.  

Yet in the stillness, truth begins to stir,  
A fleeting glimpse of something vast and wide,  
The soul's own journey, neither near nor far,  
Where mysteries of life and death reside.  

In twilight's grasp, the heart begins to see,  
The endless quest for what it means to be.  ","gpt-4o","0.7","mysterious","sonnet","existentialist","2024-09-26 22:18:58"
"In shadows where the clock unwinds,  
Truth is a puzzle lost to time.  
The mirror whispers in fractured lines,  
Clues are dreams that never rhyme.","gpt-4o","0.7","detective","proverb","postmodern","2024-09-26 22:18:59"
"Beneath the shadow of ancient marble halls, where echoes of whispered secrets dance upon the cool stone, a tale unfolds in the soft glow of flickering torches. The stage, a grand expanse of timeworn elegance, cradles the whispered dreams of forgotten souls. Here, the tapestry of fate is woven by hands unseen, in threads of gold and shadow.

The night air, heavy with the scent of jasmine and intrigue, clings to the cloaked figures passing through corridors of power. Their footsteps, a symphony of purpose, resound in the silent watch of moonlit galleries. Eyes, sharp as the blade of destiny, glimmer beneath hooded brows, catching the faint light of starlit windows.

In the heart of this hallowed place, where power and yearning entwine, stands a lone figure, poised between duty and desire. A crown, heavy with the weight of legacy, rests uneasily on their brow, casting long shadows on the walls of their soul. The whisper of history's breath stirs the silken curtains, a gentle reminder of the path that lies before them.

Voices, soft as the rustle of autumn leaves, rise from the depths of the great hall, weaving tales of triumph and betrayal. Ghosts of kings and queens, their faces etched in the stone of memory, watch with silent eyes, their stories etched in the fabric of time. A tapestry of love and loss, where every thread tells a tale of its own","gpt-4o","0.8","drama","prose poetry","classical","2024-09-26 22:19:03"
"In the shadowed woods where whispers gleam,  
A nymph dances on a silver stream,  
Her laughter threads through tangled vines,  
In a world where time denies its lines.  

The satyr stirs with a playful grin,  
Chasing echoes through the forest thin,  
On hooved feet meant for secret trails,  
Through moonlit groves where mystery hails.  

An ancient tree with a face of lore,  
Speaks riddles old as the ocean's roar,  
Branches creak in a language lost,  
Of empires fallen and heroes tossed.  

Above, the stars craft a silken map,  
Guiding dreams to the night's quiet lap,  
While the moon, a watchful guardian bright,  
Spins tales of gods in the silken light.  

The river hums with sirens' song,  
Of love found sweet and lost too long,  
Their voices meld with the night's own sigh,  
As legends weave through the night sky.  

Fauns frolic where the shadows play,  
In forgotten lands where legends sway,  
Chasing shades through a timeless veil,  
In the heart of a myth that will never pale.  

From deep within the earth's embrace,  
A dragon stirs in its lair of grace,  
Its breath a whisper, fierce yet warm,  
Guarding secrets spun in shadowed form.  

And there, among the stories spun,  
Awaits the dawn of another sun","gpt-4o","1.0","mythological","ballad","stream-of-consciousness","2024-09-26 22:20:28"
"In a forest where shadows dance,  
A lone knight rides by chance,  
Through thickets thick and dreams untold,  
Chasing truths the stars unfold.","gpt-4o","1.0","adventure","epigram","allegorical","2024-09-26 22:21:13"
"In morning light, the city wakes,  
A symphony of sounds it makes,  
The sun peeks up to greet the day,  
And chases night’s dark cloak away,  
The world alive, with joy it shakes.  

The bustling street, a dance of brakes,  
Coffee scents that the breeze partakes,  
In every step, a child's play,  
In morning light.  

A gentle hum as life awakes,  
New stories told, new paths to take,  
In bright array, the sky’s ballet,  
A vibrant call to seize the way,  
Embrace the joy the moment makes,  
In morning light.  ","gpt-4o","0.8","happy","rondeau","modern","2024-09-26 22:21:15"
"In the whispering glow of the midnight sun,  
Where shadows dance on unseen threads,  
Seek not the echo of the silent drum,  
But listen for the footsteps of the dreams unled.","gpt-4o","0.8","mysterious","proverb","surrealist","2024-09-26 22:21:15"
"Underneath the crimson sun's embrace,  
Where dusty trails and shadows chase,  
Two hearts entwine, a timeless dance,  
A love that blooms in wild expanse.","gpt-4o","1.0","western","quatrain","romanticist","2024-09-26 22:21:16"
"In the depths of a clockwork forest,  
Where time tangles among silver leaves,  
A moonbeam rests on a velvet river,  
Whispering secrets the night believes.  

Stars are woven in a tapestry high,  
Threads of dreams that shimmer and sway,  
And there, in the heart of the midnight hour,  
Two lovers meet where shadows play.  

Her dress is spun from whispers and mist,  
His eyes are pools of endless night,  
Together they dance on the edge of a sigh,  
In a world where the sun has taken flight.  

The trees are painted with strokes of wonder,  
Their branches reach like poet's hands,  
While flowers bloom in a symphony wild,  
In colors only the heart understands.  

They walk through corridors of forgotten time,  
Past mirrors that hold yesterday's glance,  
Floating on footsteps of feathered dreams,  
In a twilight world of eternal dance.  

He speaks in verses of ancient stars,  
She sings in melodies of the sea,  
Their voices merge in a cosmic embrace,  
A song of what will and will not be.  

As dawn tiptoes on the horizon’s blush,  
The forest fades in a golden sigh,  
Yet in their eyes, a universe burns,  
Where love never bids goodbye.  ","gpt-4o","0.7","romantic","narrative poem","surrealist","2024-09-26 22:21:19"
"The morning light through window cracks  
A coffee cup, the day's embrace  
A hint of dreams the night unwinds  
The morning light through window cracks  
A cat's soft purr, a clock that ticks  
A quiet dance of time and space  
The morning light through window cracks  
A coffee cup, the day's embrace","gpt-4o","0.8","slice-of-life","triolet","postmodern","2024-09-26 22:21:20"
"Shadows whisper truth,  
Footsteps echo in silence—  
Clues dance in moonlight.","gpt-4o","0.7","detective","haiku","allegorical","2024-09-26 22:21:20"
"Whispers of rust echo in a world where shadows dance with forgotten dreams.","gpt-4o","0.7","post-apocalyptic","monostich","abstract","2024-09-26 22:21:21"
"Morning coffee drips  
Sunlight dances on the floor—  
Time whispers softly.","gpt-4o","0.7","slice-of-life","haiku","experimental","2024-09-26 22:21:25"
"Oh talisman of twilight's whispered breath,  
With colors bold as dreams in wild array,  
In ether's realm where boundless fates are spun,  
I raise this ode to gods of night and day.  

In shadows draped upon the heavens' crown,  
Where echoes of the ancients softly play,  
Titanic limbs of starry constellations  
Guide sailors lost on seas of cosmic gray.  

Atop Olympus' peak where legends thrive,  
Immortal voices weave through sacred stone,  
Their laughter echoes through the zephyrs wide,  
In tales of heroes cast to flesh and bone.  

Cyclopean eye that gazes far beyond,  
Through veils of time where endless echoes roam,  
A dance of light ignites the cosmos' skin,  
In stellar blooms the constellations foam.  

The tempest's breath, a forge of fiery skies,  
Within its grasp all mortal doubts congeal,  
Yet in its heart, a gentle whisper lies,  
A lullaby the universe reveals.  

O muses guiding dreams afire and free,  
Compose the symphonies of ancient days,  
With laurels green entwined in mystery,  
In endless hymns that myth’s enduring phrase.  

Let heaven's song resound in silent halls,  
Where gods and mortals meet in twilight's sway,  
In every tear, in every joyous call,  
I find the soul of myth’s eternal play.  ","gpt-4o","1.0","mythological","ode","expressionist","2024-09-26 22:21:28"
"In shadowed halls where whispers softly roam,  
A candle's flicker lights the spectral dance,  
The echoes of the past in spectral foam,  
Enshroud the heart in dreams' perplexing trance.  

Through stained glass windows, moonlight's eerie gaze,  
Casts phantoms upon walls of ancient stone,  
With every chime the midnight hour conveys,  
A specter’s sigh, a sorrowful intone.  

Beneath the velvet drapes of night's embrace,  
A rose with petals black as ravens' wings,  
In secret blooms, a testament to grace—  
The beauty born from dark, eternal springs.  

Yet in this hushed embrace of night and gloom,  
The soul finds peace within the haunted room.  ","gpt-4o","1.0","gothic","sonnet","symbolist","2024-09-26 22:22:10"
"Footsteps in the dark,  
whispers coil around the night—  
secrets take their flight.","gpt-4o","0.8","thriller","senryu","formal","2024-09-26 22:22:10"
"In the city of wires, dreams are sold in jars,  
Where freedom's a slogan, a whisper through bars.

Neon prophets preach to the digital seas,  
Their truth tangled up in corrupted memoirs.

Leaders in suits with mechanical smiles,  
Promise us futures on rusted guitars.

Citizens march with circuits in their veins,  
Hoping for peace in the clatter of cars.

Time is a currency, ticking away,  
Bought by the rich in the land of faux czars.

In this world of echoes, we dance to survive,  
Hearts beating hollow, beneath iron stars.","gpt-4o","0.8","dystopian","ghazal","satirical","2024-09-26 22:22:12"
"Neon whispers dance in electric rain,  
Digital phantoms laughing, no truth in their game,  
Circuit dreams spiral in chaotic refrain,  
Wires weave reality, absurdly tame.","gpt-4o","1.0","cyberpunk","tetrastich","absurdist","2024-09-26 22:22:12"
"Farmer Joe, with a grin so wide,  
Claimed his tractor was his pride.  
Yet cows ran the farm, in truth,  
While Joe sipped tea in his rustic booth.","gpt-4o","0.7","satire","clerihew","pastoral","2024-09-26 22:22:13"
"In the shadows of silence, a whispering star,  
Echoes of dreams from a world now afar.  
  
Rust dances with winds on skeletal plains,  
Memories dissolve in a sky full of scars.  
  
The moon wears a veil of forgotten desires,  
In the ashes of time, we search who we are.  
  
The rivers run dry, their laughter a ghost,  
In the heart of the night, the cries of a spar.  
  
Through the dust of the ruins, hope flickers bright,  
In the breath of the earth, a lone, burning czar.  ","gpt-4o","0.8","post-apocalyptic","ghazal","expressionist","2024-09-26 22:22:14"
"Beneath the ash-choked heavens dimly lit,  
Where gilded spires of ruin weave their tale,  
An iron clock tolls moments, slow to quit,  
As shadows dance on dreams grown pale.","gpt-4o","1.0","dystopian","quatrain","baroque","2024-09-26 22:22:15"
"Silent shadows stretch  
Whispers creep through ancient halls  
Echoes of lost dreams","gpt-4o","1.0","gothic","senryu","realist","2024-09-26 22:22:16"
"Beneath this stone in shadowed grace,  
A soul awaits in silent place,  
Stilled by whispers of the years,  
Bathed in echoes, drowned in tears.  

Here lies a tale of love and hate,  
Bound eternally by fate,  
Where moonlight weeps on weathered bones,  
In tangled ivy's creeping tones.  

Once a life of grandeur claimed,  
Now a ghost with none ashamed,  
In haunted halls where footsteps fade,  
Secrets of the past are laid.  

A rose in dust, a whispered name,  
Eternal night, forgotten fame,  
May those who wander close and peer,  
Tread softly, for the end is near.  ","gpt-4o","1.0","historical","epitaph","gothic","2024-09-26 22:30:04"
"Upon the shadowed moor where night winds sigh,  
The moon pours silver light like ghostly streams,  
In whispered echoes, lovers' quiet cry.  

Beneath the twisted trees that weave their dreams,  
A solitary figure waits in shrouds,  
Her heart a candle in the dark that gleams.  

The mist surrounds, a cold and gauzy cloud,  
Yet in her eyes, a fire fierce and deep,  
Amongst the gravestones, where the shadows crowd.  

She walks a path where ancient spirits weep,  
Their mournful chants a dirge of trembled grace,  
In endless circles, secrets dark they keep.  

He waits for her, amidst this haunted place,  
His love a tempest, wild with yearning's flame,  
In moonlit realms where time has lost its pace.  

Their voices whisper soft, a tender name,  
Echoing through the night, a haunting song,  
In passion's arms, forever to remain.  

Within the gothic veil where they belong,  
Their souls entwined, as shadows dance in throng.  ","gpt-4o","0.8","gothic","terza rima","romanticist","2024-09-26 22:30:07"
"Whispers through the trees  
moonlit shadows dance in dreams  
hidden paths unfold  
secrets breathe in the night air  
stars weave tales untold, unseen.  ","gpt-4o","1.0","mysterious","tanka","lyrical","2024-09-26 22:30:08"
"In a town where the vegetables talk,  
A carrot and radish would squawk.  
They'd argue all day,  
'Bout who'd win a buffet,  
Till the cabbage just went for a walk.","gpt-4o","0.8","comedy","limerick","allegorical","2024-09-26 22:30:08"
"Stars whispered secrets  
to the lone traveler,  
a ship of rust and dreams  
gliding through the void.

A signal pulsed,  
a heartbeat of distant worlds,  
drawing the traveler  
to a forgotten station.

Echoes of voices  
danced in corridors,  
memories of life  
that once hummed here.

In the silence,  
a single plant thrived,  
roots deep in metal,  
reaching for lost sunlight.

The traveler paused,  
touched the fragile leaf,  
felt the universe breathe  
in that quiet green.

With a gentle sigh,  
the ship turned away,  
leaving the station  
to its silent bloom.","gpt-4o","0.7","sci-fi","narrative poem","minimalist","2024-09-26 22:30:12"
"In the village where the rivers flow like dreams,  
The moonlight dances on the ancient trees,  
Whispers of secrets in the starlit skies,  
Where time suspends its breath with gentle ease,  
The shadows weave with light in woven beams,  
And echo softly through the night’s embrace.  

The nightingale sings of a sweet embrace,  
Its notes entwined with the villagers' dreams,  
Melodies float on the celestial beams,  
Illuminating paths through ancient trees,  
The world seems held in an enchanted ease,  
Guided by the shimmering, watchful skies.  

Within the gaze of those eternal skies,  
The river murmurs in a soft embrace,  
Her waters ripple with a tranquil ease,  
Reflecting fragments of forgotten dreams,  
Carrying tales beneath the solemn trees,  
Into the world beyond the silvery beams.  

In the meadow where the moonlight beams,  
A fox with eyes like midnight roams the skies,  
Its laughter dances through the whispering trees,  
A guardian of the night’s enchanted embrace,  
A keeper of the village’s woven dreams,  
Where all exists in harmony and ease.  

The stars descend with an ethereal ease,  
Upon the village, casting silver beams,  
In twilight’s realm, the boundary of dreams,  
Where shadows converse with the listening skies,  
Bound by the night’s protective, gentle embrace,  
Unraveling mysteries through the ancient trees.","gpt-4o","0.8","magical realism","sestina","classical","2024-09-26 22:30:20"
"In the depths of Olympus, I cried,  
For I stole Zeus's lightning with pride.  
Though the thunder did roar,  
I was banished, therefore,  
Now I hide where the mortals reside.","gpt-4o","0.7","mythological","limerick","confessional","2024-09-26 22:30:20"
"Beneath the moon's cold, silver guise,  
A shadow whispers lost refrain,  
In silent echoes, sorrow lies,  
Beneath the moon's cold, silver guise.  
Where dreams and daylight's hope despise,  
The heart beats softly through the pain,  
Beneath the moon's cold, silver guise,  
A shadow whispers lost refrain.  ","gpt-4o","0.8","tragedy","triolet","abstract","2024-09-26 22:30:22"
"In twilight's hush where nebulae unfurl
Gilded auroras dance upon the rim
Of event horizons, swirling whirl
A maelstrom's beauty beckons to the brim

Amidst this vortex, stellar winds do keen
As supersonic shockwaves rend the veil
Revealing secrets hidden, yet unseen
In labyrinthine passages of gaseous gale

And in the heart of this celestial storm
A darkened throne, where gravity doth reign
A monarch of the void, in silence sworn
To govern worlds, and hold the cosmic strain

Yet in this despot's realm, a glimmer shines
A promise of transcendence, and divine designs","meta-llama-3.1-405b-instruct","0.7","sci-fi","sonnet","baroque","2024-09-27 13:49:09"
"In twilight's hush where shadows dance and play
A guru spoke with words of vacant sway
He said the truth is what you choose to see
And reality is just a fantasy

The crowd was wowed by his profound decree
And paid him well to tell them what to be
They searched for meaning in his empty gaze
And found the answers in his hollow ways

Their minds were freed from reason's steady grasp
As they ascended to a higher clasp
Of pure nonsense and unbridled whim
Where wisdom's voice was just a distant brim

And so they floated on a cloud of bliss
Their thoughts untethered from the earthly mess
Their guru's words a gentle summer breeze
That soothed their souls and brought them to their knees.","meta-llama-3.1-405b-instruct","0.7","satire","epigram","transcendental","2024-09-27 13:49:34"
"City streets whisper 
secrets in the fading dark
ghostly figures pass

flickering lights dance 
shadows weave a tapestry
night's dark velvet grasp

lost souls in the crowd 
searching for a fleeting 
connection's spark

wind whisks through the trees 
summer's warmth gives way to cold
autumn's sigh begins

Concrete canyons rise 
steel and stone a testament
to human design

empty eyes of glass 
windows to the hollow 
soul of urban night","meta-llama-3.1-405b-instruct","0.8","mysterious","renga","modern","2024-09-27 13:49:47"
"There once was a girl named Sue found her way
Through trials of youth's disarray
She faced every test
And did her best
Now a woman, she's here to stay","meta-llama-3.1-405b-instruct","0.8","coming-of-age","limerick","narrative","2024-09-27 13:49:52"
"Midnight shadows creep
Detective Jameson follows
Clues of broken glass
Echoes of a fatal shot
Silence hides the killer","meta-llama-3.1-405b-instruct","0.8","crime","tanka","narrative","2024-09-27 13:49:57"
"In twilight's hush where shadows dance and play
A girl with heart full of wonder strayed
From village streets to forest's darkling way

Her feet bare wore the rough earth's sway
The trees above a somber murmur made
In twilight's hush where shadows dance and play

The wind it whispered secrets in her ear's way
Of magic spells and enchantments gray
That in the night's dark veil are made

Her heart aflame with visions she did stray
Deeper into the woods' mysterious sway
In twilight's hush where shadows dance and play

The darkness hid the truth from her clear day
That magic's just a dream that's faded away
In twilight's hush where shadows dance and play","meta-llama-3.1-405b-instruct","0.8","fairytale","rondeau","realist","2024-09-27 13:52:16"
"River of moonlight dissolves the serrated silhouettes of a thousand pine trees on the mountain's dark flank","meta-llama-3.1-405b-instruct","0.7","epic","monostich","imagist","2024-09-27 13:54:20"
"Amidst the dusty canyon's solemn night
A lone cowboy rode with gentle might
His spurs did jingle, his heart did ache
For love and solace, his soul would partake","meta-llama-3.1-405b-instruct","0.7","western","quatrain","formal","2024-09-27 13:56:01"
"In the moon's silver light I write to thee
My love for you that echoes like the sea
Forever in my heart you'll be

The tide of time it cannot take from me
In the moon's silver light I write to thee
The memories we've shared wild and free

Forever in my heart you'll be
My guiding star that shines bright out to sea
In the moon's silver light I write to thee","meta-llama-3.1-405b-instruct","1.0","romantic","triolet","epistolary","2024-09-27 13:57:10"
"Morning light drips through the window like honey on toast the smell of burnt bread wafts from the kitchen as I rummage through the cupboards for a jar of jam my grandmother used to make her recipe a secret only the apricot trees in the garden knew the way the sunlight catches the dust particles in the air makes me think of her laughter on summer afternoons spent chasing after butterflies the clock on the wall has stopped at a quarter past two just like time does when memories flood the room with the scent of ripening fruit on the counter waiting to be sliced and served with a dollop of whipped cream which always made me think of the clouds outside on days like these when the world seems to slow down to a crawl and I can almost hear the hum of her sewing machine in the back room stitching together the frayed edges of my childhood.","meta-llama-3.1-405b-instruct","1.0","slice-of-life","prose poetry","symbolist","2024-09-27 13:57:32"
"In twilight's hush where shadows play
Amidst the night's dark dismal sway
A maiden fair with beauty rare
Didst meet her end with bloodstained care

Her raven tresses fell like night
Around her face so pale and bright
Her eyes like lanterns in the dark
Didst shine with fear a fatal spark

A midnight stranger with eyes so cold
Didst lurk in alleys dark and old
With dagger drawn and heart of stone
He struck the blow that made her moan

In winding streets with ancient gray
The city's secrets whispered say
Of ghostly apparitions seen
And crimes of old in darkness gleaned

The bell tower tolled its mournful chime
As darkness gathered 'neath the crime
The moon above with silver glow
Didst light the scene of blood below

The night wind sighed a mournful sigh
As if it whispered by and by
The secrets of the fatal deed
In whispers breathed in darkness spread

The maiden's ghost with spirit pale
Didst roam the night in endless wail
Seeking justice for her crime
And punishment for him in endless time","meta-llama-3.1-405b-instruct","1.0","crime","ballad","gothic","2024-09-27 14:02:35"
"whispers in the wall shadows secrets keep 
in echoes of a long forgotten sleep 
the dead converse in hollowed halls

shadows crawl upon my skin so deep 
in darkness ghosts of love do creep 
whispers in the wall shadows secrets keep 

night wind whispers truths I'd rather not keep 
in hollows of my mind their whispers seep 
the dead converse in hollowed halls","meta-llama-3.1-405b-instruct","1.0","paranormal","triolet","stream-of-consciousness","2024-09-27 14:02:48"
"Children laugh and play
Rainbow balloons dance in air
Summer's joyful kiss","meta-llama-3.1-405b-instruct","1.0","happy","haiku","narrative","2024-09-27 14:02:50"
"Shadows creep at midnight's hush
A figure slips with silent rush
The safe is cracked the jewels spill
A thief escapes with secret still","meta-llama-3.1-405b-instruct","0.7","crime","tetrastich","minimalist","2024-09-27 14:04:03"
"Beware the man who doth proclaim his own virtue loudly 
for he hath most to hide and greatest need for disguise 
whose charitable deeds are public record 
engraved in stone and clashed with righteous cymbals 
whilst in secret chambers he devours the fruits of avarice 
and feasts on martyrdom with grease stained lips 

When fingers wag and tongues do cluck and shake 
beware the saintly one with reputation at stake 
whose words are honeyed pitchers bearing psychedelic sheens 
 designed to lure the innocent with rendering melodies unseen","meta-llama-3.1-405b-instruct","1.0","satire","proverb","confessional","2024-09-27 14:05:18"
"In twilight's hollow, where shadows dance and play
Amidst the cypress trees, a midnight sway
The wind doth whisper secrets of the night's decay

The moon, a ghostly galleon, rides the sky
With spectral sails, that in the darkness fly
In twilight's hollow, where shadows dance and play

The night's dark beauty, like a widow's sigh
Echoes through the chambers of the heart's dark lie
The wind doth whisper secrets of the night's decay

And in this somber, mystic, and eerie sway
I find a solace, that doth never stray
In twilight's hollow, where shadows dance and play

The wind doth whisper secrets of the night's decay","meta-llama-3.1-405b-instruct","0.7","gothic","rondeau","formal","2024-09-27 14:05:35"
